<?xml version="1.0" encoding="UTF-8" ?>
<!DOCTYPE mapper PUBLIC "-//mybatis.org//DTD Mapper 3.0//EN" "http://mybatis.org/dtd/mybatis-3-mapper.dtd">
<mapper namespace="dao.mapper.UserMapper">
	<select id="list" resultType="User" parameterType="map">
		select * from useraccount 
		<if test="userId != null">
		where userid = #{userId}
		</if>
		<!-- where userid in ('test1', 'test2' ...) -->
		<if test="ids != null"> 
			where userid in
			<foreach collection="ids" item="id" open="(" close=")" separator=",">
			#{id}
			</foreach>
			</if>
		</select>
</mapper>